,SiteEnergyUse_kBtu_log,TotalGHGEmissions_log
0,22.78483809679361,7.9656688644419456
1,22.99988390703982,8.20877084844755
2,22.69595363443064,8.162038794753222
3,23.756601621844315,8.980168145574938
4,23.526907040858557,8.23749679786397
5,22.457335535611126,7.460578760776026
6,23.710178668002868,8.615298579092116
7,23.933068417684634,9.433084635785441
8,24.68330592990365,9.533271322417331
9,22.65317254460096,8.3585632960037
10,24.412180200365867,9.34122969931615
11,23.35783459896551,8.998280139381537
12,24.147934689309178,7.502871574574138
13,25.000099746489234,9.649058534522158
14,23.275631212326978,8.448405435069198
15,25.42292349720606,10.305252368089503
16,25.51231136384806,10.730852201226472
17,21.804804574220515,6.492013386873797
18,23.435386040613913,8.6000615659686
19,20.321395263044533,3.1906148602094975
20,22.345176732021645,8.003208679838012
21,23.39909795613994,8.360320376927149
22,22.08754895140541,7.004950759951045
23,21.983260847682548,7.3016790924271255
24,22.66894556145348,7.7481928495894605
25,25.414776610256787,8.284662185483166
26,20.654278519789017,4.975905273523699
27,22.560682912876324,7.028569152196771
28,21.49293430143915,6.389910925071665
29,22.737839001598843,7.953323448582965
30,23.946208891399735,8.20618410450223
31,23.18497701121381,6.05484847699562
32,22.27411563481928,5.1440463696167065
33,22.206977071339125,5.88728155166999
34,22.350651119511923,7.070174625154059
35,22.364869106926964,7.827692021224404
36,22.333292682452974,7.177818155119876
37,22.67899614473508,7.643495470922767
38,22.47446918732469,7.3433189836610735
39,22.70491068219053,7.255123014847789
40,21.625239287983803,7.1931803537426156
41,22.347687864530187,7.423241995973661
42,21.686546263824958,6.459103696135399
43,21.821470378794505,6.067380578019059
44,23.99343581796414,8.751008388409636
45,22.791291288271626,8.037546953962178
46,23.883260375792645,8.912799539138266
47,20.001611608849494,5.287620044112067
48,23.717741678589565,7.117383366931484
49,24.21395670030939,9.0412484589246
50,24.337627345884385,9.246526850060885
51,22.908710170668748,8.42710328715284
52,24.02038987439145,9.651410525912999
53,25.239211442673593,9.270342052680231
54,21.251029856255837,6.6700188442644
55,19.74047746721662,2.611172380044005
56,24.152665023181292,8.938785660749332
57,21.990337027013073,4.859969548221026
58,25.12798051065732,9.396797413059364
59,21.72908463824926,5.6076262208454875
60,22.297700230317595,7.249255699936582
61,22.37755344114176,7.578938713093386
62,21.335860813991275,6.301038849903148
63,22.568446501977217,7.926177371607151
64,22.223690650026175,5.093391153253013
65,22.60005785350707,5.469885976274464
66,22.02024513991821,7.061560209107974
67,21.78418191957951,6.991975274237168
68,23.488081490671696,8.793538284938975
69,21.628656011558096,6.476057595677545
70,22.63333806121225,7.153704019667541
71,26.02095478916042,10.958915156091349
72,23.158597053829123,7.465566404809399
73,22.92197183369188,7.83541884047548
74,21.544986122240083,6.215872702903665
75,25.190906635342973,9.758606327663639
76,23.960122958573365,7.794545833022045
77,22.020174590377028,5.9356954630318395
78,20.89511149711416,6.6504773698971045
79,21.9731168125969,6.704041954821288
80,22.994378817228224,7.7994759108011715
81,23.639943277289785,8.722431869354649
82,25.961396326004287,11.005498237678527
83,21.628487369883366,5.631686366311998
84,24.72426944303833,9.498789383797
85,22.792566515690428,7.855055329467986
86,23.063483462876512,6.050936965225225
87,21.605680256198543,6.387155717662981
88,25.097138078717915,8.503110174597984
89,21.002025221413263,6.117695042669754
90,22.68524091752289,8.216406360596165
91,21.489491287004974,5.161081482277184
92,23.13793407278653,8.528024266222822
93,23.54810459235753,8.09196423348528
94,20.820076097903222,5.890933021705543
95,23.160106849598563,8.274261661257048
96,18.715566578019867,1.584962500721156
97,23.413382464187432,8.401562207256069
98,23.175292024491192,7.4575450455543795
99,22.563330589302115,7.702241960775077
100,20.677452978791944,4.821199978056451
101,23.169806060981866,6.591410142982135
102,21.905618739394292,4.7755773609306535
103,23.601365020514358,8.601287952522513
104,21.201440749116326,4.071247819461442
105,23.122967296805776,7.343496655464363
106,23.331820800608856,6.537761978621094
107,25.95498530634174,10.678124737215605
108,19.06692218790445,3.2675357980687347
109,20.393753892711917,6.187451054027326
110,23.508782019393898,8.875196429922507
111,21.58556500210331,5.617357261591324
112,21.218145181716157,6.402074073516853
113,22.2108704757925,7.228145275667782
114,25.8903456259647,8.760220946466509
115,21.639784062905214,6.664056112718223
116,24.776129978560245,9.368593762650853
117,24.601371368600343,10.050025472899172
118,24.517598810170938,9.320552370453642
119,24.66813242519403,9.608883149339862
120,20.39654396438506,5.466627120041501
121,21.851969352982092,4.721919445551544
122,23.22268820117362,6.0925457415435655
123,22.255630274389688,6.091488279764279
124,24.153569580777507,7.221780434281427
125,24.561221508933862,7.431121472526426
126,25.255762900957542,8.637313179965325
127,25.302356673602635,8.291400959483692
128,24.88508600180001,8.488282017518415
129,21.715766706178385,7.413712542087795
130,22.88384584339379,6.647602329007619
131,21.84115160531195,4.710944154575872
132,23.802745014209414,9.137631598235428
133,24.687418402085655,7.840777923595055
134,23.032592918921015,7.7956500772710475
135,25.23622004073206,8.106117959071074
136,24.090794079874605,7.0304464394374415
137,21.896247695726696,5.691254978650136
138,21.99446151615037,4.998646839005795
139,24.147006185452696,7.736266619459169
140,23.262476128136377,6.132371198732537
141,25.413243895630014,8.317276930735076
142,24.55235535971969,7.422233000683048
143,20.807981392523768,5.5410191531335595
144,21.83585149478658,4.705977901682522
145,24.119116285186408,7.1263947376201395
146,24.95626168548751,7.853746197008764
147,23.200757575294215,7.771687537602535
148,25.42864769704641,9.294322070913834
149,25.296616417355526,8.166514610409003
150,26.050920710049436,9.094473613508875
151,23.08889963748092,7.459021703862303
152,24.33548392725992,8.571259654275055
153,23.655609331906028,8.222118669744292
154,23.72274333808199,7.7564896067599705
155,21.3891943779317,6.132782457298859
156,22.623535031326423,6.4833321112684805
157,24.761947273938436,7.631831850610098
158,24.840308812197932,7.710186527009715
159,22.1729478098724,6.895181422102683
160,22.077616350221607,4.94766615679601
161,22.748443682477244,5.618238655595454
162,24.529986540682785,7.399854673572431
163,23.21930325622896,6.178316271701453
164,24.59307540067845,7.462952086108364
165,24.27931613663316,7.149239038837029
166,23.830107997351426,6.7000234960751515
167,22.353217914116495,5.524502537449162
168,24.83601620198526,7.705908805437825
169,23.768903430621236,8.585976539215636
170,21.484087295984576,4.638653116466112
171,24.47148689902441,9.533913701162579
172,20.786842320979115,6.302319050948834
173,23.703093508218316,8.471878396568409
174,24.176989159545297,9.051643995399086
175,24.690560359159107,10.083200069007734
176,25.530885827368202,8.400751380743461
177,25.7513696238194,11.329656209519616
178,23.478598805885092,7.343851933442121
179,22.0635201635092,6.858354057675242
180,19.827820264829704,5.604367899893749
181,21.55721920668748,4.4269356196483365
182,22.46846917691244,5.3384244147835584
183,21.92773962957134,6.138937308958628
184,22.12075804451917,7.2915851411564665
185,24.109647519887123,7.80967167790706
186,25.007500453450863,10.56114471882579
187,25.75445498377522,9.050338438167298
188,22.614940745688823,7.597829097826899
189,22.324471195386312,5.19416586852982
190,24.167967581696153,7.037821465434967
191,22.523491867697523,6.026800059343715
192,22.806543525471383,5.676380255466924
193,25.171331324960956,10.520127550324851
194,23.47397521521924,8.313245851787562
195,21.302355557879686,4.172327491657617
196,22.601974819331765,7.6652648467134314
197,25.638270317778193,9.631268017214735
198,21.746512270959656,6.22554487000337
199,22.73108530345268,5.601102203376409
200,21.52107512826906,4.390942772802543
201,23.832725384185395,8.304693557471008
202,23.20532583289497,7.531615392096571
203,22.794149891581352,7.2070143201775325
204,24.669777321021275,7.757756679010825
205,24.2093541514689,7.079271430522539
206,22.181711271997067,5.051807107013298
207,22.11740055295571,4.987320865929254
208,23.668067592611997,6.537917249034083
209,23.783265747731765,6.653203362033977
210,22.344959487662752,8.137247340664668
211,21.21194293817075,5.475084882948782
212,24.308678033758078,8.71046207397916
213,24.074524610913503,8.361198115548747
214,24.201740550027015,7.960523293890615
215,21.991418952856545,7.0300049445090815
216,23.72980149025027,7.652127927738268
217,24.334609165223483,7.204473331100186
218,25.714844849336313,8.833585883396175
219,23.17565568493656,7.928725622870757
220,23.964835531100213,6.8346606579017255
221,20.92283842911506,3.792855352362489
222,21.394256999940986,6.871720462321232
223,19.54201162556178,2.411426245726465
224,24.126061322371708,7.888134388352869
225,19.56519321107519,2.4436066514756147
226,22.05012664390314,4.919816770052789
227,21.546751304359475,4.416839741912829
228,22.432801072633435,5.3026846141183785
229,23.43234959354594,8.55043897760719
230,22.291822427007148,5.161887682376894
231,22.52351625281301,5.39334755137725
232,22.400314783078297,5.27015513876653
233,22.177328590459226,5.047014819517589
234,22.01047620237282,6.542722361858322
235,22.162736131673885,5.032541697270038
236,24.416635579552054,8.828104741379754
237,25.528698969059793,8.447372562961556
238,25.879953965902093,10.309328552452161
239,21.512521543945613,4.3826672527450405
240,24.132444973603373,8.349524514481173
241,22.435236595837072,5.338780943894699
242,21.626767790831074,4.4963345134171115
243,22.90450636876502,5.952566540942803
244,21.400146673331374,4.88410945135923
245,24.842468800500193,9.304693557471008
246,23.512127382150624,6.564378168565064
247,24.902956464751593,9.505732173741803
248,22.721814719891768,6.938756261492295
249,22.84219878089379,6.120808102298621
250,21.39405494049201,6.211401637418471
251,21.70369112747262,4.57349571549561
252,21.792576643067754,4.662205499653616
253,21.73607362283643,4.60584986719498
254,24.19197916869273,8.900474389855958
255,23.00587875596778,6.285217246102088
256,20.056554370397677,4.488000770834068
257,25.34805772616831,10.01210770170561
258,23.790821063019823,8.118837277979702
259,22.637004888881954,5.506843098969815
260,20.412952251214886,5.38543103719352
261,23.457850388205856,6.327687364176048
262,22.71323001063561,5.583158003874408
263,23.06464804689309,6.7873802222963375
264,19.581165635345513,3.356143810225275
265,23.678319667840757,7.891115352832595
266,24.038037750519027,9.111839888316684
267,23.04655019137199,7.312156888313374
268,22.251001530764174,5.125155131322289
269,21.894205317283635,4.76394266044725
270,22.36810809365244,5.238022517825721
271,23.432773679537615,6.561784353081841
272,23.044574721106773,6.409560654982776
273,22.87340430880029,5.743353390944915
274,20.44672187744199,4.101818134227409
275,19.998465098543274,5.009884588931844
276,22.181983876327795,6.90977310414164
277,17.795931838811878,3.0268000593437154
278,24.02625595980417,8.691220076567399
279,20.10013744144662,4.676944359106912
280,22.864760656023687,5.734709620225838
281,18.61701899270732,1.4854268271702418
282,22.381727234682174,7.890933021705543
283,23.017913992527124,5.887768948647899
284,20.54463810865131,5.414473836430928
285,21.300441380836784,6.260778431893426
286,20.55168385706466,3.4222330006830477
287,18.98761376103701,1.8559896973084806
288,20.774898832999952,5.552438555253539
289,21.055710730272978,4.839455765224629
290,18.31235563583392,2.6599245584023783
291,21.812915251748908,5.2660368939953175
292,23.157649930347613,7.67814234748666
293,24.37754860918188,7.254650727862562
294,20.017615856827017,5.000901402741532
295,22.28042303792493,6.215484464192794
296,24.07687234256594,7.153400027735061
297,23.810809893389997,8.694984631227447
298,23.398134874344503,8.09032417587205
299,22.90928682232227,5.779259720372376
300,23.24448143073161,7.574479999326676
301,22.376302681236655,5.2686589550276715
302,21.601069350135155,6.495695162624068
303,22.531545662065906,5.61970645004589
304,23.544171365159357,6.414135532984451
305,22.935901682267588,8.035898787323415
306,24.32576679562372,7.950410089271261
307,22.21105056256471,5.081083928687635
308,20.923129415823134,5.400879436282184
309,21.312259789226832,5.997518234519788
310,22.291943803003562,5.161887682376894
311,22.7976504447178,7.014466883265317
312,23.114264203466007,8.197462446460598
313,22.600875680403394,5.470862199413702
314,20.100907396914504,4.465974464504069
315,21.085705849172463,5.85124932023306
316,22.14457236320037,5.879705766282288
317,22.731405218871185,5.622930350920177
318,22.1842727506238,5.0539801681876515
319,19.889343533571815,5.087462841250339
320,20.81706562347317,5.87455108689664
321,23.898828679931963,8.206916672538599
322,22.62217071131462,6.509379148914689
323,25.489298031651185,10.175487175961376
324,22.62898144760818,5.498889086976805
325,19.971937818605852,4.576522137920503
326,20.755339936677085,5.640967910449898
327,21.157962418815327,6.7526148041356615
328,20.973480868460786,4.4672794804599825
329,21.610637392863577,6.029011086659068
330,22.666515936939156,5.636334602442182
331,21.28264447564847,6.7436226760676545
332,21.43899941426295,4.342696959981934
333,21.433168217320716,5.303780748177103
334,21.71466602438933,6.0
335,24.425354671490112,9.323527697582692
336,24.191248946144373,8.665406984155998
337,23.72839273895858,8.514871824873357
338,22.432939941256596,5.3026846141183785
339,20.25617643249016,3.1259816538547156
340,19.439731477803832,4.685940148445977
341,23.646717782868908,8.259743263690781
342,21.432714177393386,4.302319050948834
343,22.655527229333988,7.073498932290183
344,21.444143885935883,4.3139713710590195
345,21.054621663927914,6.2630344058337934
346,20.998329425574518,4.70265754339091
347,21.767558108927002,4.637494325206311
348,22.8681123473205,7.025803990463827
349,22.04799551305023,6.637928981009013
350,20.86096570676477,3.7311832415722
351,21.17741406304928,4.980939266085512
352,21.038321563979583,6.034743949324734
353,21.9237123011553,7.050936965225225
354,21.589435363913296,6.212958362728285
355,21.0978450340535,3.968090752045256
356,22.06073451712181,4.930737337562887
357,19.717283154219672,4.042644337408494
358,20.7605347914534,5.36387192485753
359,21.358463945871744,4.228049047884462
360,20.01124636803528,2.881664619320345
361,22.419209264379138,7.112178833722592
362,21.46343905955864,4.3348542693316325
363,23.2129536204693,6.08278773170927
364,24.60778553203641,7.508903979000674
365,22.508853332157575,7.497931651896279
366,21.9058669587017,6.621026189464851
367,22.267693680575523,5.562242424221073
368,22.783863308409977,6.649902819893139
369,20.62587825562126,5.622051819456376
370,21.2999134050126,5.417515002885087
371,21.40335275793906,5.062208077560245
372,23.030959725683804,5.900866807980749
373,24.19826000142926,8.90041400836175
374,22.998834346761214,5.868637384170314
375,21.20025985832194,6.072320216032704
376,24.293380433482575,9.434878384278258
377,25.231813672900234,9.521050736900964
378,24.617902070376356,7.534419616373016
379,21.24075931176398,4.111031312388744
380,24.040495110854177,7.570614721761189
381,22.465860556131148,5.335569005556748
382,22.36922191507464,6.565901766806668
383,23.81432067252831,7.0259146987507926
384,23.844921241552402,8.481355457192056
385,22.956352005040007,8.14190276743519
386,21.547904621027413,4.417515002885087
387,21.380029246347487,4.553360503335328
388,22.28249120728346,5.152183419055046
389,23.906609709132233,6.8697480514650655
390,23.641443223897607,8.077723674748771
391,23.933428446563852,6.8033562117979445
392,22.31935927777156,5.189429245809757
393,22.066232437193428,4.935931139752267
394,23.061132348622653,6.622637566537459
395,24.39611026826253,8.483251484502265
396,21.34380163084231,5.92362461136832
397,21.071055091076413,5.8003822483033805
398,24.602753395870273,7.472650227973347
399,19.61380384992097,2.4828482830684653
400,22.905725596431907,5.7755773609306535
401,23.824561612634295,6.694462363465512
402,22.3947484202165,6.8671551631075145
403,23.601712763791664,6.471512648045499
404,23.26119278723455,6.131136719158451
405,24.0347827616878,6.904604518171173
406,20.26754910228523,3.137503523749935
407,22.1063520719652,5.648753032989572
408,22.696603802144853,5.566510755857876
409,22.238063558299533,6.612057559563065
410,21.62841572457777,6.108942568660791
411,22.999297279755513,6.900383816666934
412,23.29445724875672,7.299024807384316
413,19.953133576679534,2.823749360308273
414,21.205025377440517,6.582857034844238
415,22.62490809955431,6.2343863540945454
416,21.441678287565907,4.311793717753649
417,22.309280384936145,7.282995721155153
418,20.772909741995225,5.599912842187128
419,22.227921129704068,7.480749817184468
420,20.568872763893474,5.093391153253013
421,22.70946859470838,7.396604781181859
422,21.79537622003777,4.665051614289214
423,24.007612470834285,8.197511592107615
424,22.199722062175137,5.069530325162305
425,21.162122681852402,6.441284271927038
426,24.61141524976891,9.473096889074025
427,23.08106923108212,5.95093492831454
428,22.38615193998271,5.255878352582786
429,22.709608260601776,5.579542224936903
430,24.326831782563552,8.296595062544373
431,23.045202732325862,6.088735246190284
432,22.179738435177597,6.023033518665533
433,23.520085216089313,8.023088980272108
434,23.155520370767476,6.906048777947304
435,23.979503697014906,7.207697668655053
436,24.08139631494099,7.947373941721205
437,23.452681166103947,8.437211090286556
438,23.920588285955372,6.79051141189419
439,24.39783738539477,9.18556925608937
440,22.98531698437901,6.779391059535914
441,21.81400111656847,7.237257770900372
442,21.848116916789827,7.063934305754099
443,21.220305697002495,4.798050514767515
444,22.89545047445388,5.765534746362977
445,21.460710352532264,4.330558400030802
446,25.116586052832176,8.736029793163597
447,23.95359053799921,9.321296777696267
448,24.182258323811467,7.052133274927771
449,24.025309493576156,6.895181422102683
450,22.128512328854857,5.38543103719352
451,20.908778875383714,3.7782085763980877
452,22.688285450701972,7.401391544803525
453,25.178763349334652,8.048650342922418
454,23.023030444925272,6.48236429255538
455,19.397342478750172,3.218781167784069
456,21.95045907321482,4.9740703670240265
457,23.86443186552993,8.609806663333226
458,23.693720263425075,6.563615765629766
459,20.604602091206814,5.688180358586926
460,22.053586543639174,4.92362461136832
461,21.168138945724618,6.20124177119825
462,23.78648441428937,7.487438112928715
463,22.59719077976505,6.490890978894291
464,21.753152262414332,6.797402141631399
465,22.66993369211587,5.539779191698494
466,22.572177235788015,7.2505826647875375
467,22.706377552453272,5.928844036712568
468,20.896415189976455,3.76659516172927
469,23.361270891804434,6.23112515787905
470,17.211375018621943,0.08406426478847456
471,22.051156488656748,7.040454121349624
472,21.398115820183836,6.484299281164517
473,22.80054625407953,7.308794067216477
474,23.087887838824972,6.905928478173135
475,22.82667901243007,7.6105081388061295
476,24.201737690089427,7.376168810595372
477,23.401081974885884,6.631395353695602
478,23.847240424104857,8.83095880116843
479,20.122107579388675,4.865918814552212
480,23.207168371159273,6.077029313819001
481,22.362554142237702,6.218199943694738
482,21.72214962508658,4.59215800212536
483,19.20888922662135,2.0772429989324603
484,19.19999098530795,2.070389327891398
485,23.4438241577239,6.729552770453971
486,23.700402886924802,6.570311124318805
487,22.214171761782797,6.310885391185277
488,22.37873460137246,6.786727034871367
489,21.518583526224905,4.388189537156084
490,23.245004107073644,6.1147834472498515
491,20.00503922370037,4.767654798237347
492,23.41019628614212,8.665478047626245
493,21.340490706170343,4.381975478557301
494,23.60188626404931,7.060695931687554
495,22.889842033167607,5.759688488427289
496,20.15264011411132,3.8569856897822046
497,23.676810204788417,8.825785627464791
498,23.171040393597885,8.123966174989327
499,20.047572607164,2.918386234446348
500,23.73507956964297,8.14979791773151
501,23.352859877307637,8.205157883920094
502,22.852829503759786,6.7775512222878
503,24.301448049939207,8.019535132102035
504,20.028842248285578,3.7081872360207084
505,24.602369597573897,7.5687161887317265
506,22.36511028040041,7.074890720126339
507,19.387889008307468,4.024142345897803
508,23.264638885354138,8.060695931687555
509,20.88659340025451,3.75595576955096
510,22.75348242057366,5.623223075896506
511,24.091857924435242,7.008204496694817
512,19.570070632171497,4.988230223060457
513,20.96209605255256,4.931683057059805
514,20.62659670040792,3.496973580998276
515,20.22339134376895,4.6082178530214595
516,21.289967081973366,4.159467729266766
517,21.083490364613073,6.6653359171851765
518,20.895570105377626,5.170726276131552
519,19.850328787340903,5.454175893185802
520,21.03163861432061,6.433960931121179
521,18.957657549987214,1.8399595874895318
522,21.287409156306516,6.267535798068735
523,18.399857843720017,1.269033146455237
524,18.49439857745262,1.3617683594191534
525,23.38575854714646,8.700682458903529
526,18.959673721448883,4.454833906898869
527,21.61891373624543,4.501439145158873
528,20.854755029239417,5.239550796613645
529,20.41835089284933,3.2883585621936606
530,22.694357249525833,7.4072677642447315
531,20.08781501873064,2.957914598632985
532,20.642313520179677,4.888499735514123
533,22.043559021805603,7.141596278383818
534,20.425514043128253,3.2957230245399685
535,19.99107475436396,5.398829182444627
536,19.21456577263605,4.657640005207824
537,19.71269491461004,4.5861642459309095
538,19.881142347199265,5.452858964713811
539,18.74488638225365,3.9326281570221266
540,18.30447164819336,2.6622054996536164
541,20.157330897213814,4.177917792195843
542,22.195045333812313,7.268378247751587
543,21.687400033221948,4.884597920990064
544,18.96521357463478,3.8298495598446904
545,19.074327036370065,3.3146965256562866
546,19.75237737957673,2.6229303509201767
547,20.019334175032924,4.599912842187128
548,21.059873849750197,3.929790997718597
549,20.923820002160976,3.793895882548878
550,20.247930989299288,3.1176950426697547
551,20.979352621086534,3.8708578643637623
552,20.359202630365193,4.848497755385146
553,20.694537281061958,5.917193036924947
554,20.573540870311067,5.078097423026661
555,21.185796752685494,4.0557162635125446
556,18.674344012435682,1.5459683691052926
557,21.220260817673577,6.050719347751264
558,20.82549299150247,3.6948801927991917
559,20.459539994906162,5.381629467033664
560,18.745572572392685,3.4776773275653072
561,20.566819612490956,3.4369613378336026
562,21.561919053319706,6.426600226169925
563,20.025336954488,4.922673592849446
564,21.348172705843297,6.185470146066942
565,20.127591367299253,5.187055089968057
566,20.772391903272883,3.7980505147675143
567,22.320805505846103,5.558267634055736
568,22.692575703424982,5.991181681408527
569,21.279463791442716,4.8283269264148165
570,22.146991526918708,5.574707046415546
571,20.59828426533685,5.541328977045604
572,20.82466255562324,6.227278994468321
573,21.92937147600801,6.98071082890019
574,21.722455267697917,6.631540867341486
575,19.690231629030826,5.028569152196771
576,20.111066880510382,5.054414387917307
577,19.451726268074506,3.0789513413948217
578,20.26675108949785,5.280585202564472
579,19.82865096756613,2.698218478224414
580,19.76025213908596,5.009884588931844
581,19.714587634125667,4.560103513464738
582,18.418087309424767,2.7420062108667365
583,20.67870586583589,5.221490455042056
584,19.634032853984156,2.503348735167504
585,19.450162119907365,2.319039815562536
586,21.535732905859103,6.887159676692863
587,22.67339858380435,7.662846365159479
588,21.333024831705973,4.327687364176048
589,23.051032197410088,8.474922700379798
590,20.812178872679198,4.706530552538117
591,21.055029503144155,5.643278996311979
592,16.46657040681149,-0.6665762662748083
593,21.034541237737777,6.91778975904161
594,21.663448221144158,7.028790136349901
595,21.926950332093053,7.533173967347694
596,20.9997819095153,6.480426705191877
597,20.428598374720032,5.441284271927038
598,20.368796308237084,5.130930869826448
599,22.024389969515102,7.559721231197234
600,20.862408074459147,3.7322691995014496
601,21.357438709744443,5.093813673402728
602,18.027209484548383,0.8953026213333067
603,21.738187529224618,7.072213012239907
604,20.377077051194128,5.430619810959776
605,20.788758153561915,3.718087583960517
606,21.31851577921774,5.084064264788474
607,20.218148138679535,3.641546029087524
608,19.4996726854065,2.37016428054021
609,21.13385651303703,4.316869805064333
610,20.484496445060987,4.308885057411763
611,18.72690663387013,3.702657543390911
612,20.874027523970256,4.2509615735332185
613,21.022878442331404,5.97865326490861
614,17.9235596202957,0.7907720378619999
615,23.086230514638263,7.953323448582965
616,17.893668889664188,0.765534746362977
617,20.770034718613655,5.947432389471365
618,20.261591093634244,5.543495883425772
619,19.52055346194972,3.426264754702098
620,20.064666464741236,5.287250643254617
621,17.866469989848586,0.7398481026993274
622,19.480147237000704,4.9818526532897405
623,21.611751125459342,6.07724299893246
624,20.588788737206414,5.943218087426284
625,19.890581945649945,4.898208352508718
626,20.051493079493603,5.572586549385767
627,19.312947195323282,4.236492618381302
628,18.463803727898277,1.3334237337251917
629,19.527297543819827,2.62760683812965
630,22.165743667812396,5.035623909730721
631,22.098059399070408,6.175125349657719
632,20.338842996722367,3.494415610397496
633,19.20701908795942,3.951401291674311
634,20.70177601283043,6.090430042321621
635,19.555122704135368,5.028127082317139
636,21.30773835254213,6.734032139564932
637,20.803397238954762,6.1078970616646115
638,20.308200135256055,4.878234879112339
639,18.744078295099058,1.613531652917927
640,23.28696843902986,8.44385525626802
641,20.489261950367172,3.3589588258323295
642,20.27567781149961,3.145677455195635
643,20.762174381993102,6.018144528943756
644,20.76920427253057,5.516960659898823
645,21.19421399618638,6.356848079236522
646,17.764094067116684,0.632268215499513
647,19.028380943689854,1.899175630480513
648,19.265564687520627,4.182692297516191
649,19.94730590190442,3.8569856897822046
650,20.102976540021213,4.811984719351674
651,18.868732142409886,1.7398481026993275
652,19.948303060436466,3.777156666004501
653,21.466168093079784,5.20633064787105
654,20.774628632107344,5.538538163629804
655,21.2413034164056,7.227952813682319
656,21.428891369009385,6.567575868524113
657,21.84503644793252,7.214804794948052
658,21.08708337738955,5.927896453728821
659,21.999678700632913,6.783587612018469
660,20.30051008729042,3.169925001442312
661,19.96267576250222,5.393690764187454
662,20.212710106183454,3.082361969557474
663,20.794609415966438,4.922197848396367
664,20.883323450475977,6.055933128607411
665,19.13672332459888,3.241840183564671
666,21.540593017667085,6.20006486151431
667,21.051351681074344,4.1969217338203295
668,20.77929614766674,6.363521543546545
669,19.5661599792244,2.4356285940520905
670,21.135541462857997,4.00539998774259
671,20.035890466602496,2.9049657186840263
672,20.486948905777137,4.575917361118149
673,22.217845905676274,5.252476214135217
674,20.626829271496202,3.496973580998276
675,21.141944340972113,4.011674533380918
676,21.40772521520837,4.277240898332068
677,20.215501006278508,3.085764553778314
678,20.823944050964844,4.907852071845964
679,22.29756618438996,6.989820220117596
680,20.967615373028625,5.3298411765306275
681,21.120825108388587,3.990954860396993
682,20.502950257914172,3.372952097911829
683,20.2042236578067,5.038260575175349
684,20.75710022755166,3.626439136697315
685,20.68805646812008,5.199279721336625
686,20.132123141896322,5.502394256111261
687,20.843464127144802,5.953730849811491
688,19.90770634235993,4.097610796626422
689,20.267571961477238,3.137503523749935
690,18.801686258639332,3.674686619927999
691,20.784740268240558,3.6542063779442917
692,22.095376417426017,4.965322548367254
693,20.158014211055296,4.72137265947682
694,22.413731990409673,7.954021780269008
695,21.002632371210442,4.375734538583156
696,21.515669042723108,4.38543103719352
697,20.553328363609584,5.595443984589479
698,20.34671282408614,3.2172307162206693
699,21.459208868274334,6.201829866202339
700,23.01498313481605,6.663059923747817
701,21.4906961753702,6.418695949602051
702,21.43183575748668,6.7475216725404215
703,23.369074178743336,8.852997587613316
704,21.832795776663275,5.907852071845964
705,21.233731862223216,6.947315491603061
706,22.352657727026397,5.222650022451478
707,17.299485295474398,0.16349873228287956
708,19.88267439067331,4.9823091301297735
709,20.25781251663055,5.12391445900198
710,19.91572623137314,4.050501697446727
711,21.28419321237971,6.37016428054021
712,20.388073008701383,5.160678213220501
713,24.741660365520204,8.92934718713864
714,19.883017608098534,5.004051884507083
715,22.82731983007626,6.199279721336625
716,22.331418527305868,7.524267449584506
717,19.495624748037137,4.36737106564853
718,24.07504501080142,7.9990416420844035
719,20.748075711050234,4.621758856709732
720,20.947316604688954,5.359661722333877
721,20.934312128979215,3.8042601156347384
722,21.26741079644869,6.281698250098829
723,23.13170265970118,7.870549668630628
724,22.82481854453352,6.434795003550544
725,20.867224434889412,3.7366048753142485
726,19.107263058310554,1.9781956296816516
727,21.384604072218497,6.898933871780176
728,20.702743397957107,5.47021145739054
729,20.98236278119032,6.275752048828529
730,22.374408585403753,6.61882595258744
731,21.431234881508733,5.48832219114082
732,20.711568676131332,3.581351247168777
733,20.828558776960946,3.698218478224414
734,20.640133704417952,3.820689560559215
735,21.042880378479012,6.247737672658932
736,21.611974849114375,4.489286022625876
737,21.779794285197184,5.365272599764531
738,21.99066560633908,7.514201180060275
739,18.735965822250005,1.6040713236688608
740,23.12621780354539,7.783063710045979
741,20.553623669626457,3.423578170981797
742,21.419329642568176,6.233619676759702
743,19.725980276547446,4.917431755390104
744,19.14889608248089,2.017921907997262
745,20.964086992865955,6.280956313831056
746,21.30486709525941,6.850874415720346
747,21.73308526741604,6.713008391644148
748,20.4438247899176,5.168321115739722
749,20.841336298144935,5.8060662260890314
750,18.31451686433129,1.1826922975161902
751,19.707401263100746,2.5777309314900805
752,18.339410747535684,2.821710215034674
753,20.484466942999887,5.76659516172927
754,20.860189032555454,3.7300964655954685
755,22.820719075547395,6.530601414516833
756,20.986097569447978,6.439789337089688
757,19.02035333179099,1.8914191868460786
758,19.796644873158783,2.6667565918848033
759,19.366179184298904,4.805808348701467
760,20.3658824052954,3.2357270598380583
761,21.09589146332092,3.9653225483672547
762,19.731693579229482,4.219555769166913
763,18.53074922905561,1.4005379295837288
764,20.204676209580224,4.730639955916791
765,20.053984197194012,2.9240998856407416
766,21.240770955627294,6.194953795933835
767,19.600096203046608,4.212569338850806
768,18.019845879004627,0.8875252707415875
769,21.68154683985072,6.6904170955324656
770,19.741271112189875,4.578938713093386
771,20.739268872449028,6.323550214537046
772,19.49018495540653,5.034303767768035
773,21.766853594260503,4.636914580355878
774,19.935882983356837,2.805292455600712
775,21.46282674823163,5.632849830117706
776,20.26686201453546,4.77663042305105
777,20.650186651785468,5.747655932932393
778,20.28232830644875,5.636044526028037
779,23.3433680505498,7.818070832815228
780,19.47634474033784,2.344828496997441
781,19.736575347152048,3.9174317553901044
782,18.71863320838158,4.119356177039675
783,20.74014637834563,6.019701914442548
784,16.829809432904113,-0.3040061868900999
785,22.721773216262445,7.751945681615022
786,22.861254485033808,7.440869167610869
787,20.211182493061216,5.789207575347344
788,20.24459495221591,4.649040565634448
789,21.25230854855835,5.551516017628014
790,20.396165745255228,5.915042791371977
791,23.154410062642505,7.70411114053241
792,23.74195809811071,8.588152437078993
793,19.83550149580092,5.28021399581062
794,21.533722302516733,6.289465630958221
795,19.52057264419888,2.389566811762726
796,20.548157756541038,5.267535798068735
797,22.330641474490964,5.200457271428572
798,19.584635926035077,4.869871406177713
799,20.118027290741384,3.7322691995014496
800,20.421372481745376,4.990501111363251
801,23.022136311099192,7.892026662976528
802,20.20423082332073,3.0738202332916713
803,19.711929067313978,3.8972404255747994
804,20.722841710739164,5.098453246309274
805,17.761862840863753,0.632268215499513
806,20.30409169413009,3.1747259877061333
807,20.40493468763064,5.228433920513366
808,20.944471866361432,5.537296067090842
809,19.326381206873226,2.1953475983222193
810,18.988185390268878,3.888499735514123
811,18.8407625594797,3.4698859762744636
812,19.688666936457857,2.570462931026041
813,19.472361632942818,2.341985747228616
814,19.78605899799537,2.655351828612554
815,17.88153223187604,0.7484612330040356
816,20.097045785678805,2.967168607532628
817,22.787612665571984,8.247025547149192
818,20.685519618845827,5.10936055940423
819,19.145414758388068,4.059182199211692
820,21.092337124610918,5.4679315460262865
821,20.151111948142308,5.056583528366367
822,19.627332601592677,4.930264245235024
823,21.875115252735828,7.007419783571914
824,21.22461115778833,4.094236069845765
825,20.727332192920613,6.075746538060906
826,20.29537546984127,3.1651079851445365
827,20.743687228654903,3.613531652917927
828,21.06232485590013,5.421896512042248
829,20.697151687592292,4.821710215034674
830,20.208183147016115,3.0772429989324603
831,21.237451563181875,4.107687869314374
832,20.930648557950814,5.468583317006828
833,20.47674521525009,5.062639828286463
834,19.871700732306067,5.424922088210688
835,21.320633103633046,5.803485375595953
836,19.948812073062346,5.0259146987507926
837,21.728915300440672,7.528258742758412
838,20.639186120854163,3.5096958419333872
839,20.62223238819324,5.733625498408233
840,22.476004496534877,7.021146554311502
841,18.734805526837018,1.6040713236688608
842,21.55982284080666,6.587214952452535
843,18.25823476485586,1.1309308698264486
844,20.274645457703073,5.4472485686017755
845,20.91788119771625,4.257010618206024
846,23.546327876421422,8.351999272249365
847,18.317951333198,1.189033824390017
848,22.901997449383032,7.488241842777296
849,21.43075267354169,4.560714954474479
850,18.03733781837391,1.1699250014423124
851,20.420926532206487,3.29130885982897
852,24.59329103855268,10.11643493913717
853,20.2487838414736,5.9595383411126495
854,21.852870831426447,4.7230123963923685
855,21.7845765403108,5.262658655072225
856,18.643782221580068,1.5160151470036647
857,16.787622030750182,1.4276061727818994
858,19.996227965175752,5.4679315460262865
859,23.186489690959874,8.202858455964245
860,20.52544051779873,5.234577959784565
861,21.538741672538073,4.4087118610294285
862,20.37185605789946,5.955359305242994
863,21.332641945418324,6.811727897803886
864,21.62745284031867,6.6626327749539085
865,22.29456886835151,7.198985183575034
866,20.632282595396592,5.537606691495291
867,21.41515220714667,6.7899900186680995
868,21.06280243916489,4.603477988254004
869,20.73779362494432,4.476381687567235
870,20.647436467405697,5.269407240854037
871,19.554069795177313,2.424922088210688
872,19.910352874224877,5.078951341394822
873,25.019581990684912,9.143510767594154
874,21.122215664637764,5.888499735514123
875,20.611518362018597,3.48155728070859
876,21.265268793102752,4.135042286233651
877,19.34676475632985,2.2172307162206693
878,20.927933451445924,3.7980505147675143
879,19.8846862714897,4.740387932468353
880,18.61241859257606,3.713695814843359
881,20.90586365428727,3.776103988073164
882,20.685397279230937,5.937815168803419
883,21.43889081603039,5.803743668505225
884,19.751883981256373,2.6229303509201767
885,19.981972748783182,4.003602236680195
886,20.235023195040757,5.9205315062779045
887,20.008856694504757,4.478324711485028
888,19.284342910825153,4.62993940943954
889,18.931075083229256,3.8439838440483265
890,19.724217391250573,2.594548549550354
891,20.644504129915088,4.238022517825721
892,19.437441211254605,2.3074285251922473
893,20.048670455983707,2.918386234446348
894,20.453185214249753,3.323370069061269
895,22.359470759193304,5.229203357886745
896,21.931390024765193,7.004613747286661
897,21.41999411401948,4.289834465177509
898,21.755410030952195,6.77597234930845
899,20.94477067391362,5.64587455030903
900,20.903585479496027,3.7729413378313352
901,20.288009904720404,5.407692648665677
902,20.449382432294065,5.7612852733616196
903,19.61978116154416,4.2861418728343015
904,20.73764015877354,5.212569338850806
905,20.341324444173683,3.211012193485512
906,20.906152945453446,4.490570130446201
907,20.14317516780204,3.0125686735030555
908,22.130140041802022,7.448074996441805
909,20.635147724792056,6.067165427017112
910,19.322066775031438,4.2935176304174245
911,20.276223250858305,3.145677455195635
912,20.336571935678204,5.675251386050259
913,19.331586160508323,4.090853430451113
914,18.669293398346817,1.5410191531335593
915,20.805013272452324,6.380244590478185
916,22.17870709253231,5.048759311919856
917,21.95634956763859,4.826294245499635
918,19.54339060614263,4.426264754702098
919,22.043825651619233,7.29526384536397
920,19.293662480773357,2.1634987322828794
921,22.468810953740324,7.47856740557945
922,21.071535030748862,6.677367292136048
923,18.748517183608165,3.6915341649192004
924,19.62572311015216,4.172327491657617
925,24.325416154586964,8.661956197277291
926,17.314158359853252,0.18903382439001687
927,19.644127374046896,3.64961545906341
928,19.316705791428998,2.3476656563009706
929,19.531855452355984,4.687620632084895
930,20.15547049628855,5.352264173258321
931,18.918470210493716,1.7865963618908067
932,18.99814414593798,3.1210154009613658
933,20.330955162440226,5.3554391972486854
934,21.790118968375,6.58391015187168
935,19.489165892566994,4.111865963867557
936,19.692715950198423,3.940166750482817
937,20.69279511231173,5.680042992622571
938,20.447437421651284,5.322288723570877
939,20.745613602130916,5.33699741660501
940,20.61934057287744,5.882643049361842
941,19.670918985984358,2.541019153133559
942,19.81194848119078,2.682573297347578
943,19.00676710003905,1.875780063068488
944,19.810875971329313,2.6803243568440163
945,21.339908161573735,4.20945336562895
946,19.687015087647797,4.130107178658833
947,22.547403629969182,5.417177411906387
948,20.120578348596467,5.280585202564472
949,20.791831395981593,5.90977310414164
950,18.62774048193938,1.4956951626240689
951,18.83737231009878,3.2094533656289497
952,20.079931338076506,4.044394119358453
953,20.580261328206245,5.528571318870758
954,21.76883691600828,4.638653116466112
955,20.228013054788835,5.447579196548882
956,19.649894682532132,5.2622828064206555
957,20.818572035992066,3.6881803585869264
958,21.429357700557166,4.299391206126829
959,22.023206463552473,6.546894459887636
960,20.18877837434962,4.953730849811491
961,21.289956391152547,4.159467729266766
962,18.996374180865978,1.8678964639926547
963,19.025785718455168,1.8953026213333068
964,18.679957665772736,3.215678596607928
965,19.711796346301856,3.0391383939069585
966,21.248431425113168,5.43195718768673
967,21.443594147271046,4.313245851787562
968,19.99182767111902,2.8619553641448694
969,20.850337944906162,4.803227036434928
970,21.31130818012835,5.390942772802543
971,20.45413660528559,4.343407822297814
972,21.008032576158296,3.877744249949002
973,20.87489207069384,4.997292407636508
974,19.195845562113835,4.305240965954483
975,20.021012482488093,4.238022517825721
976,19.996710696527106,4.173127433480656
977,20.148380998479418,4.729008870337863
978,20.880058033470764,5.619999829821357
979,21.47380383299806,5.549977142771825
980,20.15132628617402,4.554588851677638
981,21.365507607890933,6.295906655297028
982,18.47281774209204,2.9523335663696857
983,23.07558409366061,7.780900601148988
984,19.62630080866722,5.089159131911238
985,17.72143968395303,0.5945485495503542
986,19.244219803732708,2.114367024952
987,23.231876829882662,8.024142345897802
988,22.67015916528485,7.309521828145404
989,21.059959642629686,5.384395238388068
990,22.036729007631166,7.455573813765701
991,21.40240266274786,6.958842675243241
992,20.371959521563692,5.43229133824778
993,21.157604754979435,6.016808287686554
994,21.178625951241294,5.886062338345599
995,20.16587612777503,5.287250643254617
996,20.969974548187622,6.41193462479118
997,20.416029498046395,4.423578170981798
998,19.858624564832564,4.901108243014512
999,21.43421690580048,6.817879031830138
1000,20.617292577567884,4.137503523749935
1001,20.503664658486187,4.715344295358907
1002,18.742404838824214,3.605257262939004
1003,19.785232138928343,2.655351828612554
1004,20.035032638071687,2.9049657186840263
1005,21.75045470644438,6.061128135118254
1006,21.57950469698563,6.73267622307331
1007,20.125992295069615,2.996388746447621
1008,21.736831716659264,6.534497433738168
1009,18.23444323968976,1.1043366598147355
1010,19.94872796291408,2.817623257511431
1011,21.437399554845836,5.94673086014031
1012,21.002106281074454,5.944858445807539
1013,22.074605678677308,4.944389962270092
1014,21.834750716019364,5.148934104526339
1015,20.617628881303723,5.233044401265581
1016,21.643406598354716,7.249255699936582
1017,19.602485025297707,3.5160151470036647
1018,20.30790341099133,3.824767853143294
1019,17.810377076686855,0.6780719051126377
1020,19.64042853821702,4.798569003556882
1021,19.136145034418497,2.0071955014042038
1022,20.682136487446517,3.552131108253784
1023,21.254697064026452,6.594249947657352
1024,20.233534251990687,4.561937059622433
1025,19.824674450796483,3.270528942380718
1026,20.98120351876747,6.35878304818473
1027,16.706145230438814,-0.4150374992788438
1028,21.629836396211363,4.499527024215096
1029,20.73780517550088,5.866907978143166
1030,21.52987040521105,6.271089466265599
1031,20.459084359510417,3.3291235962915664
1032,19.16199049167173,4.652486494918165
1033,20.54349256058733,5.294620748891627
1034,19.557330940860197,3.9059284781731347
1035,23.567855835277946,8.690347249968758
1036,20.28099046649183,5.762083003567673
1037,19.9211363240979,5.5570424152637194
1038,20.524742559978115,4.809928865721431
1039,20.676957371102304,3.5472030247569317
1040,22.530527549193348,5.400537929583729
1041,20.85500378779886,3.7246502717329673
1042,22.44817000731612,8.001745956617128
1043,19.768386271920157,4.979110755015785
1044,20.130945043012,5.676662334857967
1045,20.201997042811065,4.794415866350106
1046,20.312511857695505,5.414812060565847
1047,20.402958955408675,3.2735158897021166
1048,20.344588492173255,5.48155728070859
1049,22.149895317336572,5.019701914442548
1050,18.664020129584756,3.8449881566826116
1051,20.216215358082366,3.085764553778314
1052,21.053952844534706,6.288912202766194
1053,19.215504561143227,4.846994686965573
1054,21.21976173632143,5.390942772802543
1055,19.78633983069975,2.655351828612554
1056,21.414332714235577,6.915520900751958
1057,20.77289605347219,5.63023071585969
1058,24.65495057824252,8.812466136563872
1059,23.9652691583272,9.200285605224298
1060,19.97032921551796,3.871843648509318
1061,21.236454546303065,4.106013237622119
1062,21.547003229755617,6.9725777851765525
1063,17.440001278637787,0.3103401206121505
1064,20.033428378939167,5.2024177215751815
1065,19.457447012836802,4.803743668505225
1066,20.148874986266257,4.839959587489532
1067,19.680972398593624,2.550900664647523
1068,21.75642112868035,6.6612080315624995
1069,18.583009290697014,3.4581194811745064
1070,18.277732361074282,3.710393192170516
1071,20.408431334264435,5.113533819591914
1072,23.18144271091486,6.051372101721025
1073,21.416786544830174,6.930737337562887
1074,20.973185145772884,3.8429788317883253
1075,20.558710308459496,5.540089281982523
1076,22.735567385817408,7.803227036434928
1077,20.2961376399966,4.229587922740652
1078,17.526086544880823,2.817623257511431
1079,21.84571208589237,5.645298163948631
1080,18.832052475073098,1.7004397181410922
1081,21.5952005604055,4.46532151358055
1082,20.593916280247353,4.368768349090335
1083,19.64070036749218,2.7070829917717063
1084,19.69216866593091,5.090853430451113
1085,21.31891666797153,6.961044467371226
1086,19.444204056197915,3.775050541483175
1087,21.30417972758478,5.995710628907104
1088,22.001766555685197,6.119563684417364
1089,20.29745031837569,4.674121632632394
1090,18.654251418937385,1.5260688116675876
1091,20.34655918025225,3.215678596607928
1092,19.88005579076473,4.152994605492435
1093,18.361296999103583,1.232660756790275
1094,20.137824188849983,4.375734538583156
1095,20.27028049606028,4.185073637876762
1096,22.275886636865632,5.145677455195635
1097,22.147044025138705,7.5732684776759776
1098,21.78186994271866,4.6519127446457835
1099,18.33673318348722,2.5008020530571575
1100,20.020361640862657,6.023477151830433
1101,20.958524395919376,3.828834649468056
1102,20.92368727855856,6.041987621651359
1103,18.131354597976223,3.1060132376221192
1104,19.562115693830243,4.7311832415722
1105,19.976547342590678,4.121844297876376
1106,20.49617013710196,3.3659724275933836
1107,23.798062368292292,8.618642447958427
1108,21.236410166538796,6.917193036924947
1109,19.725349614186218,5.220329954879555
1110,24.722573983843574,8.6194496937931
1111,19.656636092803698,4.484138131201669
1112,21.797904102253998,5.8774988727835344
1113,20.21828770045746,5.782932704820836
1114,19.57744358065012,4.8109571587378
1115,21.789711535188633,6.926355302710696
1116,20.458192311093754,3.327687364176047
1117,20.483252901808548,5.088735246190284
1118,19.80671952738285,5.27015513876653
1119,21.015500807865163,5.169524197150003
1120,20.890521831485728,5.870857864363762
1121,19.167555352150647,4.4809113460477485
1122,20.925900642823,5.52387555132852
1123,20.03207667624845,3.651912744645783
1124,21.136737716311494,4.006298023900369
1125,19.457979980381907,2.327687364176047
1126,17.795564092269217,0.6690267655096307
1127,20.24672900271094,5.388189537156084
1128,20.59272710851338,3.4620523187964327
1129,20.797751754792746,5.255878352582786
1130,21.23163839321371,6.449726433253184
1131,21.968528991780087,5.588864518190148
1132,20.60488437332421,6.112700132749362
1133,23.138301646407225,7.824831485078066
1134,20.069727714553643,2.9392265777282085
1135,22.855299655738325,7.287065907350544
1136,20.14545332010047,3.016139702655253
1137,22.563330356527686,5.433293325815009
1138,19.382104704740183,2.250961573533219
1139,20.019759024276006,4.218781167784069
1140,20.88671544213673,5.4564776293518165
1141,22.291777189359312,7.533952624016472
1142,20.888909689476375,4.308156975114762
1143,20.04369618046748,5.226123143125237
1144,20.55917073853028,5.555509427083257
1145,20.419104311095357,4.830863756751758
1146,19.138519302109838,3.886550147324343
1147,19.04778159549617,1.9183862344463478
1148,21.001536706186336,5.929080835242584
1149,20.07377939480003,2.942983598187102
1150,20.552220661957517,4.751677945687579
1151,20.611402191360014,5.1586601753464985
1152,20.040642901737858,2.910732661902913
1153,20.579611496245622,3.4489009511451276
1154,19.903906846554932,2.773996325111173
1155,22.211806622226714,7.44020475217531
1156,19.91278410470024,3.4828482830684653
1157,19.846002976522623,2.7570232465074596
1158,21.061214934780782,3.9307373375628862
1159,19.346652234105683,4.389566811762726
1160,20.553726778124467,5.018812185742817
1161,19.511631060207574,4.377123749129487
1162,20.194820565250463,5.734709620225838
1163,20.457208516228494,3.327687364176047
1164,17.645229196054483,2.7506065048355923
1165,20.203596537491315,5.416501992867417
1166,20.53810271007401,5.7873802222963375
1167,21.233799871327292,6.587964988882679
1168,23.647524960333477,8.658961203654542
1169,21.38353713625083,6.292045492492862
1170,22.430388742198453,5.300123724569014
1171,20.383763346194343,4.892391025913404
1172,20.305060880441644,4.758089934201813
1173,18.844347178950446,4.269033146455237
1174,19.175452089021658,4.258518924711301
1175,20.333270022184934,5.542567607764219
1176,19.069921721377696,4.354734239970604
1177,20.638626816343923,3.5084286525318573
1178,20.172101500010683,5.261530815243406
1179,23.661739505198252,6.531693360861466
1180,23.050541194169735,7.688809791438271
1181,21.050427271150593,6.547665748353421
1182,20.70498010478234,5.630813152299126
1183,19.584765108554077,4.2935176304174245
1184,22.512059004797436,5.381975478557301
1185,23.729212251037232,8.508864374442553
1186,19.87902676856832,5.254745197629213
1187,21.781867942172255,4.6519127446457835
1188,18.684933492224424,1.5558161550616396
1189,22.377050565758672,5.246788093844365
1190,18.51950188455432,1.3895668117627256
1191,19.880804660768767,4.877253453876608
1192,18.515584351540877,2.782408564927373
1193,18.74473859525465,1.613531652917927
1194,20.68265860679244,6.0693154945400805
1195,16.958711294423942,-0.16812275880832692
1196,20.020075204641355,4.141596278383818
1197,19.77279137223703,3.8268026842858265
1198,18.6277832225493,1.4956951626240689
1199,21.37530145109337,6.282439805006387
1200,19.25147547599218,2.1210154009613658
1201,19.39582487762774,4.450881315273369
1202,23.022758758641796,8.161535025266685
1203,24.05734834742964,8.726456601616997
1204,20.751901955679852,6.073177559716166
1205,20.5852293931068,5.975905273523699
1206,20.04649523806331,4.737145919776202
1207,21.65251502939564,6.849749117282395
1208,20.245007154616978,5.728464765092534
1209,23.457780015403447,8.403352945190782
1210,19.8300989039481,3.1842802944193824
1211,21.36552789856239,7.00078875819407
1212,21.685027202909694,4.84749588378871
1213,21.693759604827132,6.386293635150991
1214,16.282509306240836,-0.2009126939259964
1215,19.184800297420132,2.0531113364595623
1216,19.97055812278051,2.8698714061777126
1217,20.951715853780016,5.9823091301297735
1218,20.629547838216975,5.8003822483033805
1219,21.828459607380314,5.296824458649369
1220,20.743099608143297,5.676380255466924
1221,20.9855758366464,5.7554217347342425
1222,21.73137207030894,7.231029128655405
1223,19.962616460609212,2.8318772411916733
1224,19.864163469338596,4.642123916153487
1225,20.646730086105006,6.095713484251265
1226,20.273382434952403,5.4584476274379226
1227,20.92240292789547,6.053763009303989
1228,23.254331166164054,6.904002316283692
1229,20.083809110831513,5.4276061727819
1230,22.01440602185879,6.086613947409496
1231,19.716732397671997,4.471187460386985
1232,19.47143111984117,2.341985747228616
1233,20.807980606658475,5.274634402517586
1234,18.89051069895821,1.7612852733616193
1235,20.766995494933095,5.62760683812965
1236,19.817834636757173,2.963474123974886
1237,23.840991275834355,6.739578112048051
1238,21.850862118617865,4.720825666089835
1239,23.810210445882834,6.680042992622571
1240,21.833433690679843,7.289557848353559
1241,21.52611759658804,4.3957483281790335
1242,22.99888701502892,5.868884273028773
1243,20.305284703341638,4.866907978143166
1244,21.75694106698928,6.4886435398537845
1245,23.538499193788475,8.78770670514208
1246,22.31413097043161,6.343052434922969
1247,22.93619489983176,7.465566404809399
1248,23.14728008819894,6.170325694415555
1249,21.76369461343012,4.633431210355632
1250,22.9855930339101,7.595145567990858
1251,22.34115393370574,6.382840144475236
1252,23.7108497250645,8.206623689960324
1253,20.515047216711938,3.6357543912777603
1254,20.568111062658797,5.241458871274651
1255,23.858209464883345,8.613605318063383
1256,21.06455003367482,5.032100843167024
1257,21.9124018450536,7.181003133392294
1258,22.038331612414787,4.908332569782425
1259,21.39772371843507,4.85049941375812
1260,23.014822451626085,8.08017796424159
1261,23.480369890820825,8.24645559354538
1262,20.640567106942086,3.5109619192773796
1263,25.275464266960366,9.068858873222487
1264,23.089701167892386,6.564225720206398
1265,24.05785938620407,7.350408843944249
1266,20.372116862483796,3.241840183564671
1267,20.558422581811055,3.9541963103868754
1268,23.470671160768777,6.524659241412916
1269,22.384523973989886,5.2543672814408335
1270,25.33564635291477,10.641654400546045
1271,21.890056789770465,7.174026838169364
1272,23.809065969718755,8.462584067304219
1273,23.682062205117838,7.207892851641333
1274,20.88301536998852,5.847746416921386
1275,21.473709712713482,5.68901954137795
1276,20.378557343455526,3.2479275134435857
1277,21.254725893641204,4.329123596291566
1278,21.737775061356107,4.6076262208454875
1279,20.63758184700309,4.508428652531857
1280,21.212058158161422,5.780835001738229
1281,24.629767040853057,9.661350569233997
1282,22.12738606949645,5.399171093819823
1283,19.053703200042435,4.011674533380918
1284,22.594984923124322,6.745371805265969
1285,20.560561409521114,5.25285462595139
1286,21.11698860277218,4.877744249949002
1287,21.602864206631352,6.215290305651234
1288,25.14188643509183,10.32284076159992
1289,22.889122356244464,6.367720513401452
1290,21.04204540624718,5.6834157470304305
1291,23.964642374378705,7.739443097772448
1292,20.41656458465781,3.2868811477881614
1293,21.16219707193026,6.0225897490401055
1294,24.161215244547126,7.742747315580994
1295,22.397561834437496,5.653060017104565
1296,23.600602933915027,7.201045686245058
1297,19.260069590935515,2.130930869826449
1298,22.251155580042006,6.523248292605209
1299,23.73878302787691,7.659068274843228
1300,23.658296048059164,7.937579799679659
1301,22.5266900225584,7.033643243510382
1302,21.78190995306423,7.301038849903148
1303,22.07582708437776,7.074676686294496
1304,20.338619968332225,3.2078928516413328
